bin	bin_set	unique_SCGs	redundant_SCGs	SCG_set	size	contigs	N50	bin_score	SCG_completeness	SCG_redundancy
502	GraphMB	47	0	bacteria	5281426	75	120454	0.92156862745098	92	0
CONCOCT.18	CONCOCT	39	1	bacteria	6556305	8	1723529	0.739517345399698	76	2
bins.24	MetaBAT2	36	0	bacteria	2549706	38	90273	0.705882352941177	71	0
817	GraphMB	36	0	bacteria	1023321	28	57991	0.705882352941177	71	0
CONCOCT.4_sub	CONCOCT	36	1	bacteria	3503223	131	38015	0.679411764705882	71	2
CONCOCT.10	CONCOCT	30	0	bacteria	3618243	160	29689	0.588235294117647	59	0
bins.002_sub	MaxBin2	38	6	bacteria	4535730	129	119626	0.581733746130031	75	12
bins.011_sub	MaxBin2	31	2	bacteria	4916951	192	38670	0.539721695129665	61	4
